frame,time_s,track_id,class_id,class_name,conf,x1,y1,x2,y2,cx,cy,cx_m,cy_m,vx_m,vy_m,ax_m,ay_m,speed_m,acceleration_m,kinetic_energy,momentum_x,momentum_y,momentum_magnitude,force_x,force_y,force_magnitude,potential_energy,total_energy,work_done,power,cx_m_smooth,cy_m_smooth,vx_m_smooth,vy_m_smooth,ax_m_smooth,ay_m_smooth
1,0.03333333333333333,1,62,tv,0.5746908783912659,443.36981201171875,354.4082336425781,1057.669189453125,720.4324951171875,750.5195007324219,537.4203643798828,15.010390014648438,10.748407287597656,0.0,0.0,0.0,0.0,0.0,0.0,0.0,0.0,0.0,0.0,0.0,0.0,0.0,33.96987178802491,33.96987178802491,0.0,0.0,12.564702863420733,9.892222172328399,361.74324907575493,120.06091853550544,-6711.544948032962,-2433.928406851644
2,0.06666666666666667,1,62,tv,0.5288923978805542,432.5155334472656,339.28045654296875,1051.49072265625,707.6707763671875,742.0031280517578,523.4756164550781,14.840062561035156,10.469512329101562,-5.109823608398472,-8.366848754882827,0.0,0.0,9.803798008732672,0.0,24.028613849007677,-2.554911804199236,-4.183424377441414,4.901899004366336,0.0,0.0,0.0,35.337851559448254,59.36646540845593,25.39659362043102,761.8978086129306,24.622811165945897,13.89425279017858,138.02508414132288,38.92997164045063,-6485.893594142404,-1625.5953114100969
3,0.1,-1,77,teddy bear,0.5782476663589478,1724.3292236328125,682.4664306640625,1919.7205810546875,1080.0,1822.02490234375,881.2332153320312,36.440498046875,17.624664306640625,648.0130645751952,214.65455932617186,19593.686645507805,6690.64224243164,682.6401040809492,20704.522452318517,116499.37792491229,324.0065322875976,107.32727966308593,341.3200520404746,9796.843322753903,3345.32112121582,10352.261226159259,0.241831109619149,116499.61975602192,116440.25329061346,3493207.598718403,21.766375139508927,12.487553615025108,-70.64965720040543,11.6878977748323,-4140.752524239686,-1167.8991492135187
3,0.1,-1,29,frisbee,0.49343428015708923,219.1147003173828,309.17681884765625,499.52423095703125,499.02459716796875,359.31946563720703,404.1007080078125,7.186389312744141,8.08201416015625,0.0,0.0,0.0,0.0,0.0,0.0,0.0,0.0,0.0,0.0,0.0,0.0,0.0,47.04853007812501,47.04853007812501,-116452.57122594379,0.0,22.26782259259905,14.28384938267299,0.0,0.0,0.0,0.0
3,0.1,-1,59,bed,0.3431471586227417,647.00390625,684.6197509765625,1918.049072265625,1079.6473388671875,1282.5264892578125,882.133544921875,25.65052978515625,17.6426708984375,0.0,0.0,0.0,0.0,0.0,0.0,0.0,0.0,0.0,0.0,0.0,0.0,0.0,0.15350877685547154,0.15350877685547154,-46.89502130126954,0.0,15.255212803431919,12.358769287109373,0.0,0.0,0.0,0.0
3,0.1,-1,62,tv,0.3045922517776489,408.172119140625,300.7017822265625,1037.3936767578125,674.59814453125,722.7828979492188,487.64996337890625,14.455657958984375,9.752999267578126,0.0,0.0,0.0,0.0,0.0,0.0,0.0,0.0,0.0,0.0,0.0,0.0,0.0,38.85234812622071,38.85234812622071,38.69883934936524,0.0,19.70085179356166,12.537073451450892,0.0,0.0,0.0,0.0
3,0.1,-1,0,person,0.23920105397701263,831.029052734375,392.59637451171875,919.2919921875,557.8919067382812,875.1605224609375,475.244140625,17.50321044921875,9.5048828125,0.0,0.0,0.0,0.0,0.0,0.0,0.0,0.0,0.0,0.0,0.0,0.0,0.0,40.069359338378916,40.069359338378916,1.217011212158205,0.0,16.08725714111328,8.8854794921875,-74.99325086321149,-84.11968610491074,-3729.1303815569213,-796.3751325334848
4,0.13333333333333333,-1,0,person,0.2134729027748108,830.9315185546875,392.841796875,919.1380615234375,558.0921630859375,875.0347900390625,475.46697998046875,17.50069580078125,9.509339599609374,-0.07543945312491475,0.13370361328123084,0.0,0.0,0.15351797058404315,0.0,0.005891941823060785,-0.037719726562457374,0.06685180664061542,0.07675898529202158,0.0,0.0,0.0,40.04749879760744,40.0533907394305,-0.015968598948418844,-0.47905796845256543,17.201076764787945,9.733083914620535,-124.30434605189735,-26.545837751116153,2249.797525896345,2523.590583147323
4,0.13333333333333333,-1,62,tv,0.21954680979251862,330.6777038574219,283.27984619140625,1036.830078125,677.0961303710938,683.7538909912109,480.18798828125,13.675077819824219,9.603759765625,0.0,0.0,0.0,0.0,0.0,0.0,0.0,0.0,0.0,0.0,0.0,0.0,0.0,39.58436788330079,39.58436788330079,-0.46902285612970473,0.0,11.94377893938337,8.000618233816962,0.0,0.0,0.0,0.0
4,0.13333333333333333,-1,29,frisbee,0.2237951159477234,288.9803466796875,252.98916625976562,585.9072265625,448.5291442871094,437.44378662109375,350.7591552734375,8.748875732421874,7.01518310546875,0.0,0.0,0.0,0.0,0.0,0.0,0.0,0.0,0.0,0.0,0.0,0.0,0.0,52.2813364013672,52.2813364013672,12.696968518066406,0.0,13.107107212611604,10.433597098214285,0.0,0.0,0.0,0.0
4,0.13333333333333333,-1,59,bed,0.3857108950614929,646.7142333984375,687.396728515625,1917.5953369140625,1080.0,1282.15478515625,883.6983642578125,25.643095703125,17.67396728515625,0.0,0.0,0.0,0.0,0.0,0.0,0.0,0.0,0.0,0.0,0.0,0.0,0.0,0.0,0.0,-52.2813364013672,0.0,23.652239562988278,14.699970982142856,0.0,0.0,0.0,0.0
4,0.13333333333333333,-1,77,teddy bear,0.5766122341156006,1723.552734375,682.8973388671875,1919.71826171875,1080.0,1821.635498046875,881.4486694335938,36.4327099609375,17.628973388671874,0.0,0.0,0.0,0.0,0.0,0.0,0.0,0.0,0.0,0.0,0.0,0.0,0.0,0.2206950622558747,0.2206950622558747,0.2206950622558747,0.0,37.37054901994978,19.546737422398156,195.3049637276788,-11.366861572265654,-18378.448995535724,-9218.694491141187
5,0.16666666666666666,-1,77,teddy bear,0.552833080291748,1722.227294921875,682.568603515625,1919.707275390625,1080.0,1820.96728515625,881.2843017578125,36.419345703125,17.62568603515625,-0.4009277343749319,-0.09862060546872445,0.0,0.0,0.4128790040847727,0.0,0.042617268003508436,-0.20046386718746595,-0.049310302734362224,0.20643950204238634,0.0,0.0,0.0,0.23681953125001118,0.2794367992535196,0.0587417369976449,1.7622521099293473,30.16240502057757,14.321075596400668,-612.6149665178573,-307.2898163713728,-5859.148911830365,341.0058471679697
5,0.16666666666666666,-1,29,frisbee,0.5424226522445679,362.01007080078125,200.9373016357422,634.307373046875,402.63031005859375,498.1587219238281,301.78380584716797,9.963174438476562,6.0356761169433595,0.0,0.0,0.0,0.0,0.0,0.0,0.0,0.0,0.0,0.0,0.0,0.0,0.0,57.08581818008423,57.08581818008423,56.806381380830715,0.0,16.950050136021204,9.303743543352399,0.0,0.0,0.0,0.0
5,0.16666666666666666,-1,62,tv,0.4180140793323517,404.9462585449219,303.85687255859375,1037.254638671875,674.5734252929688,721.1004486083984,489.21514892578125,14.42200897216797,9.784302978515624,0.0,0.0,0.0,0.0,0.0,0.0,0.0,0.0,0.0,0.0,0.0,0.0,0.0,38.69880342407228,38.69880342407228,-18.38701475601195,0.0,15.910242680140902,10.802057843889509,0.0,0.0,0.0,0.0
5,0.16666666666666666,-1,59,bed,0.3998902440071106,646.28759765625,687.0142822265625,1917.7236328125,1079.9329833984375,1282.005615234375,883.4736328125,25.6401123046875,17.66947265625,0.0,0.0,0.0,0.0,0.0,0.0,0.0,0.0,0.0,0.0,0.0,0.0,0.0,0.022046154785160435,0.022046154785160435,-38.67675726928712,0.0,15.763745256696426,12.871868735177175,0.0,0.0,0.0,0.0
5,0.16666666666666666,-1,0,person,0.2651366591453552,0.1779022216796875,234.961181640625,209.72418212890625,426.5672607421875,104.95104217529297,330.76422119140625,2.0990208435058593,6.615284423828125,0.0,0.0,0.0,0.0,0.0,0.0,0.0,0.0,0.0,0.0,0.0,0.0,0.0,54.242839434814464,54.242839434814464,54.220793280029305,0.0,14.392444231305802,10.644468078613281,0.0,0.0,0.0,0.0
5,0.16666666666666666,-1,0,person,0.1886117309331894,831.4097290039062,394.0462646484375,919.0455932617188,557.7420654296875,875.2276611328125,475.8941650390625,17.50455322265625,9.51788330078125,0.0,0.0,0.0,0.0,0.0,0.0,0.0,0.0,0.0,0.0,0.0,0.0,0.0,40.005591943359384,40.005591943359384,-14.23724749145508,0.0,6.473205008370534,8.661545610700335,0.0,0.0,0.0,0.0
5,0.16666666666666666,-1,0,person,0.1692696511745453,0.0,231.08859252929688,213.92552185058594,995.53857421875,106.96276092529297,613.3135833740234,2.1392552185058595,12.266271667480469,0.0,0.0,0.0,0.0,0.0,0.0,0.0,0.0,0.0,0.0,0.0,0.0,0.0,26.524747004699716,26.524747004699716,-13.480844938659668,0.0,10.72689776611328,11.4365685773577,115.60908482142854,79.42633169991619,2359.3091956002354,-457.82165352957617
6,0.2,1,62,tv,0.7127845287322998,441.8798828125,354.2433776855469,1056.5936279296875,719.762451171875,749.2367553710938,537.0029144287109,14.984735107421875,10.740058288574218,385.3643966674802,-45.786401367187494,0.0,0.0,388.07488036337554,0.0,37650.52819226206,192.6821983337401,-22.893200683593747,194.03744018168777,0.0,0.0,0.0,34.010823628234874,37684.539015890296,37658.0142688856,1129740.4280665673,10.32684116908482,11.309090000697543,78.64363985334123,-15.260721784319214,-725.2723486764088,-1383.629054260252
7,0.23333333333333334,1,62,tv,0.8361177444458008,429.93365478515625,339.56024169921875,1053.41015625,710.3118896484375,741.6719055175781,524.9360656738281,14.833438110351562,10.498721313476562,-4.5389099121093865,-7.2401092529296935,-11697.09919738769,1156.3887634277344,8.545225870894402,11754.121175388216,18.255221296150747,-2.2694549560546933,-3.6200546264648468,4.272612935447201,-5848.549598693845,578.1943817138672,5877.060587694108,35.19458149108888,53.44980278723963,-37631.089213103056,-1128932.676393092,15.969807089669363,10.419187125069753,67.25759490966794,-12.81560525076729,-1438.4462271554135,242.07112753731906
8,0.26666666666666666,1,62,tv,0.7925539612770081,431.21820068359375,339.1338806152344,1050.7723388671875,707.169677734375,740.9952697753906,523.1517791748047,14.819905395507812,10.463035583496094,-0.40598144531250224,-1.0705718994140414,123.98785400390656,185.0861206054696,1.1449651198848882,222.77760206375436,0.3277362814382541,-0.20299072265625112,-0.5352859497070207,0.5724825599424441,61.99392700195328,92.5430603027348,111.38880103187718,35.369619996643074,35.69735627808133,-17.752446509158304,-532.5733952747493,14.81068082972935,10.454716317313057,-17.25277529035298,0.8773533848353845,-1006.1800107683447,202.6458395821709
9,0.3,1,62,tv,0.7807531952857971,430.3189697265625,339.4649658203125,1051.7850341796875,708.7025146484375,741.052001953125,524.083740234375,14.8210400390625,10.4816748046875,0.0340393066406719,0.5591766357422047,13.200622558595228,48.89245605468739,0.5602117317198453,50.643150523975415,0.07845929608913697,0.01701965332033595,0.27958831787110233,0.28010586585992264,6.600311279297614,24.446228027343697,25.321575261987707,35.278194616699224,35.35665391278836,-0.3407023652929695,-10.221070958789086,14.819622070312498,10.477677350725445,0.17892752511164292,0.6941173880441022,258.4304283142094,-6.804811968122152
10,0.3333333333333333,1,62,tv,0.7302618026733398,430.6063537597656,340.5345153808594,1051.5301513671875,709.5025634765625,741.0682525634766,525.0185394287109,14.821365051269531,10.50037078857422,0.009750366210905527,0.5608795166015669,-0.7286682128929914,0.05108642578086632,0.5609642607015657,0.7304568347135441,0.07867022544611353,0.004875183105452764,0.28043975830078344,0.28048213035078284,-0.3643341064464957,0.02554321289043316,0.36522841735677203,35.18649081573487,35.26516104118098,-0.09149287160737885,-2.744786148221366,14.82260933140346,10.50099080984933,-0.024080069405689748,0.42369925362724115,-4.768417576381934,-8.644374520438541
11,0.36666666666666664,1,62,tv,0.7129531502723694,430.88104248046875,341.2218017578125,1051.3135986328125,709.9274291992188,741.0973205566406,525.5746154785156,14.821946411132812,10.511492309570313,0.017440795898426845,0.33364562988280616,0.2307128906256396,-6.817016601562823,0.33410116387325717,6.820919570254731,0.02790589692536626,0.008720397949213423,0.16682281494140308,0.16705058193662858,0.1153564453128198,-3.4085083007814116,3.4104597851273657,35.13193975524903,35.1598456521744,-0.10531538900658433,-3.1594616701975307,14.818016732352119,10.505923967633928,-0.13896697998048593,0.1178257533481996,-0.12297036307189431,-5.612434387207397
12,0.4,1,62,tv,0.6664317846298218,431.41015625,341.4591064453125,1049.523193359375,708.558349609375,740.4666748046875,525.0087280273438,14.80933349609375,10.500174560546874,-0.3783874511718638,-0.339532470703165,-11.874847412108702,-20.195343017579106,0.5083889867671556,23.427844131685397,0.06461484046653378,-0.1891937255859319,-0.1697662353515825,0.2541944933835778,-5.937423706054351,-10.097671508789553,11.713922065842699,35.187453314209,35.252068154675534,0.09222250250113717,2.766675075034111,14.813344866071427,10.508845860072544,-0.03227809361048271,0.04953696114674774,4.778672136579717,-0.655493382045112
13,0.43333333333333335,1,62,tv,0.642806887626648,430.5732727050781,341.45111083984375,1051.0189208984375,710.2005615234375,740.7960968017578,525.8258361816406,14.815921936035156,10.516516723632812,0.19765319824220035,0.4902648925781251,17.28121948242193,24.893920898438708,0.5286080321656219,30.30425456099131,0.0698566129175028,0.09882659912110017,0.24513244628906256,0.26430401608281096,8.640609741210964,12.446960449219354,15.152127280495655,35.10729500427247,35.17715161718998,-0.07491653748555649,-2.247496124566695,14.815864859444753,10.509226431710378,0.17961116245816203,0.0741261945451921,3.9734194074360314,-0.7540976388107798
14,0.4666666666666667,1,62,tv,0.6711815595626831,431.5885925292969,341.4137268066406,1051.1422119140625,709.5315551757812,741.3654022216797,525.4726409912109,14.827308044433593,10.509452819824219,0.34158325195310374,-0.21191711425778698,4.317901611327103,-21.06546020507737,0.4019800757876011,21.503438980237544,0.04039699533255138,0.17079162597655187,-0.10595855712889349,0.20099003789380054,2.1589508056635514,-10.532730102538684,10.751719490118772,35.141943452453624,35.182340447786174,0.005188830596196681,0.15566491788590045,14.825318943568638,10.513787606375557,0.2326165335519193,-0.0007362147739709004,-1.3875987461637433,-0.45429251534572246
15,0.5,1,62,tv,0.6311691403388977,431.25897216796875,341.3274230957031,1051.7164306640625,709.9696044921875,741.4877014160156,525.6485137939453,14.829754028320313,10.512970275878907,0.07337951660158383,0.10552368164063355,-8.0461120605456,9.523223876952619,0.12852937735660241,12.467225525409324,0.004129950210918975,0.036689758300791915,0.05276184082031678,0.06426468867830121,-4.0230560302728,4.761611938476309,6.233612762704662,35.12469033050538,35.1288202807163,-0.053520167069876834,-1.6056050120963055,14.831372628348214,10.509177350725446,0.08710457938057915,0.04384002685547728,-4.330104282924687,3.3717923845556736
16,0.5333333333333333,1,62,tv,0.6067438125610352,431.89990234375,341.56732177734375,1051.3729248046875,709.4810791015625,741.6364135742188,525.5242004394531,14.832728271484376,10.510484008789062,0.0892272949218942,-0.07458801269534023,0.47543334960931116,-5.403350830079215,0.11629652530028109,5.4242268631426604,0.0033812204492297297,0.0446136474609471,-0.03729400634767011,0.058148262650140545,0.23771667480465558,-2.7016754150396074,2.7121134315713302,35.13688547058107,35.1402666910303,0.011446410314000843,0.34339230942002535,14.831125915527343,10.516710274832588,-0.05605708530972643,0.22404994419640728,-3.48044520786819,1.3658575875415309
17,0.5666666666666667,1,62,tv,0.6363821029663086,431.4269104003906,342.4320373535156,1051.254638671875,710.533935546875,741.3407745361328,526.4829864501953,14.826815490722657,10.529659729003907,-0.17738342285156253,0.5752716064453446,-7.998321533203704,19.495788574220548,0.6019985879424832,21.072705556696285,0.09060057497118591,-0.08869171142578126,0.2876358032226723,0.3009992939712416,-3.999160766601852,9.747894287110274,10.536352778348142,35.042828562927255,35.13342913789844,-0.0068375531318594085,-0.2051265939557823,14.827635489327566,10.524114013671873,-0.14492510114396676,0.13489719935824598,-1.9583031790594956,-4.129193769182173
18,0.6,1,62,tv,0.6362013816833496,431.56207275390625,342.5108337402344,1050.5673828125,710.04150390625,741.0647277832031,526.2761688232422,14.821294555664062,10.525523376464843,-0.16562805175784237,-0.12409057617190913,0.35266113281160477,-20.980865478517615,0.206956813426799,20.983829157287957,0.010707780655943723,-0.08281402587892119,-0.06204528808595457,0.1034784067133995,0.17633056640580239,-10.490432739258807,10.491914578643978,35.06311737213136,35.0738251527873,-0.05960398511113851,-1.7881195533341558,14.821464242117745,10.525703421456472,-0.18661063058035945,-0.051229640415737535,-0.6118913922995796,-2.6884447370252316
19,0.6333333333333333,1,62,tv,0.5747727155685425,431.60009765625,342.50604248046875,1049.9876708984375,709.2740478515625,740.7938842773438,525.8900451660156,14.815877685546875,10.517800903320312,-0.16250610351562503,-0.2316741943359269,0.0936584472665203,-3.2275085449205334,0.28298615867393917,3.228867187153946,0.02002029150025797,-0.08125305175781251,-0.11583709716796345,0.14149307933696958,0.04682922363326015,-1.6137542724602667,1.614433593576973,35.100996102905285,35.121016394405544,0.047191241618243396,1.415737248547302,14.815194780622209,10.520698704310824,-0.18571786063060539,-0.04433244977676943,0.3148622785298372,2.5211641584125934
20,0.6666666666666666,1,62,tv,0.5728258490562439,430.8406066894531,342.6529846191406,1049.9891357421875,709.7587890625,740.4148712158203,526.2058868408203,14.808297424316406,10.524117736816406,-0.22740783691407535,0.18950500488280403,-1.94705200195351,12.63537597656193,0.2960176872512355,12.784511628036071,0.02190661779139257,-0.11370391845703767,0.09475250244140201,0.14800884362561775,-0.973526000976755,6.317687988280965,6.392255814018036,35.07001203460695,35.09191865239834,-0.0290977420072025,-0.8729322602160752,14.809083051409038,10.522747924804687,-0.16561981201170364,0.11684797014510198,0.7852281842922084,1.2103480747765354
21,0.7,1,62,tv,0.5925000905990601,430.35223388671875,342.73486328125,1050.0731201171875,710.0942993164062,740.2126770019531,526.4145812988281,14.804253540039063,10.528291625976562,-0.12131652832026776,0.12521667480470458,3.182739257814228,-1.928649902342984,0.17434711265985872,3.721494273680864,0.007599228923207368,-0.06065826416013388,0.06260833740235229,0.08717355632992936,1.591369628907114,-0.964324951171492,1.860747136840432,35.04953910827638,35.05713833719958,-0.034780315198759126,-1.043409455962774,14.804153459821428,10.528488568987164,-0.13336931501112484,0.03635742187499958,0.11633148193306675,1.637190464564448
22,0.7333333333333333,1,62,tv,0.5318878889083862,429.92242431640625,342.74566650390625,1050.1055908203125,710.2664794921875,740.0140075683594,526.5060729980469,14.800280151367188,10.530121459960938,-0.11920166015626069,0.0548950195312692,0.06344604492021234,-2.109649658203062,0.1312345189092683,2.1106034873875084,0.004305624738336775,-0.05960083007813034,0.0274475097656346,0.06561725945463415,0.03172302246010617,-1.054824829101531,1.0553017436937542,35.04056377258301,35.04486939732135,-0.012268939878232743,-0.36806819634698235,14.80019176374163,10.525171752929687,-0.15786437988283253,0.22599400111606516,-1.4808648245684544,5.362585667201076
23,0.7666666666666667,1,62,tv,0.5275275707244873,429.57147216796875,342.6919250488281,1049.83642578125,710.0189208984375,739.7039489746094,526.3554229736328,14.794078979492188,10.527108459472656,-0.18603515625001008,-0.09039001464847346,-2.0050048828124756,-4.3585510253922655,0.20683189819057626,4.7976047795801025,0.010694858527279225,-0.09301757812500504,-0.04519500732423673,0.10341594909528813,-1.0025024414062378,-2.1792755126961327,2.3988023897900512,35.05534253997804,35.06603739850532,0.021168001183973217,0.6350400355191945,14.79362916782924,10.543554835728235,-0.23209363664902194,0.3938631330217385,252.2397378035953,-46.49362465994693
24,0.8,1,62,tv,0.503585696220398,425.66717529296875,342.8921813964844,1052.7711181640625,714.557861328125,739.2191467285156,528.7250213623047,14.784382934570312,10.574500427246093,-0.29088134765627777,1.4217590332031274,-3.1453857421880316,45.36447143554803,1.4512100836574366,45.47338474419749,0.526502676727256,-0.14544067382813888,0.7108795166015637,0.7256050418287183,-1.5726928710940158,22.682235717774017,22.736692372098744,34.82288493804933,35.34938761477658,0.2833502162712591,8.500506488137775,14.784718854631695,10.551429295131136,16.65811814035688,-2.8735809762137348,-764.1553431374685,130.79482203892374
25,0.8333333333333334,1,62,tv,0.496761679649353,427.94952392578125,342.67889404296875,1049.5677490234375,710.88818359375,738.7586364746094,526.7835388183594,14.775172729492187,10.535670776367187,-0.2763061523437394,-1.1648895263671835,0.4372558593761512,-77.59945678710935,1.1972103818723603,77.60068869759475,0.3583281746157407,-0.1381530761718697,-0.5824447631835917,0.5986051909361801,0.2186279296880756,-38.79972839355467,38.800344348797374,35.013344375610366,35.37167255022611,0.0222849354495267,0.6685480634858011,15.904170377186365,10.35198277064732,-51.17578317914691,9.113517935616652,-5665.621354722979,958.2032141549258
26,0.8666666666666667,1,62,tv,0.48884519934654236,427.583251953125,343.08050537109375,1049.0677490234375,711.235107421875,738.3255004882812,527.1578063964844,14.766510009765625,10.543156127929688,-0.25988159179686227,0.22456054687502564,0.49273681640631406,41.68350219726628,0.34346161498438443,41.686414393657614,0.029491470241920382,-0.12994079589843113,0.11228027343751282,0.17173080749219222,0.24636840820315703,20.84175109863314,20.843207196828807,34.976628726196296,35.00612019643822,-0.36555235378789064,-10.966570613636721,11.372999976021902,11.15899715750558,-361.0499721745083,61.0066333007813,-5209.257043566024,795.947854614257
26,0.8666666666666667,29,0,person,0.348250150680542,10.14319133758545,263.1382141113281,148.5385284423828,1024.11376953125,79.34085988998413,643.6259918212891,1.5868171977996826,12.87251983642578,0.0,0.0,0.0,0.0,0.0,0.0,0.0,0.0,0.0,0.0,0.0,0.0,0.0,23.551099736022962,23.551099736022962,-11.455020460415255,0.0,3.8691713047027574,12.385537214006696,-224.81768463134767,35.645113089425216,17608.763881792347,-3028.713613455639
27,0.9,29,0,person,0.34339043498039246,8.213855743408203,245.38241577148438,157.33285522460938,1016.0689086914062,82.77335548400879,630.7256622314453,1.6554671096801759,12.614513244628906,2.0594973564147994,-7.740197753906239,0.0,0.0,8.009506266347179,0.0,16.038047657663682,1.0297486782073997,-3.8700988769531195,4.0047531331735895,0.0,0.0,0.0,24.816622068786632,40.85466972645031,17.30356999042735,519.1070997128206,3.8790771549769807,12.347167593819753,225.90882388523656,-39.95048714773998,17551.148619624553,-2853.5120492117735
27,0.9,1,62,tv,0.5184325575828552,427.5934143066406,343.0473327636719,1048.8433837890625,711.0878295898438,738.2183990478516,527.0675811767578,14.764367980957031,10.541351623535157,0.0,0.0,0.0,0.0,0.0,0.0,0.0,0.0,0.0,0.0,0.0,0.0,0.0,34.98547982025147,34.98547982025147,-5.869189906198841,0.0,11.39946543421064,11.05385430908203,360.22060268947064,-59.471955217633884,-5264.962222603393,964.5730499267589
28,0.9333333333333333,1,62,tv,0.48142459988594055,427.4549865722656,343.1190185546875,1048.8760986328125,711.3092651367188,738.1655426025391,527.2141418457031,14.76331085205078,10.544282836914062,-0.0317138671875128,0.08793640136717686,0.0,0.0,0.09348037257839971,0.0,0.002184645014349106,-0.0158569335937564,0.04396820068358843,0.046740186289199855,0.0,0.0,0.0,34.97110221862794,34.97328686364229,-0.012192956609183625,-0.3657886982755088,15.886430577959333,10.36476908656529,50.41008313179016,-7.798052150181356,-5657.925528798787,927.9745952061235
29,0.9666666666666667,1,62,tv,0.4942854940891266,427.7887878417969,343.0318908691406,1048.1395263671875,710.5037841796875,737.9641571044922,526.7678375244141,14.759283142089844,10.535356750488281,-0.12083129882810797,-0.26778259277342903,-2.673522949217856,-10.671569824218178,0.29378175533709994,11.001369345365992,0.02157692994223691,-0.06041564941405399,-0.13389129638671451,0.14689087766854997,-1.336761474608928,-5.335784912109089,5.500684672682996,35.014884672546394,35.03646160248863,0.0631747388463424,1.8952421653902722,14.76013764299665,10.533984165736607,-16.97443256378174,2.393017796107664,-758.5589086328235,114.36001870291547
30,1.0,1,62,tv,0.4799896478652954,428.4940490722656,342.99267578125,1047.1268310546875,709.1023559570312,737.8104400634766,526.0475158691406,14.756208801269532,10.520950317382812,-0.09223022460936649,-0.432192993164069,0.8580322265622448,-4.9323120117192,0.4419244252942025,5.006388027587241,0.04882429941790279,-0.046115112304683244,-0.2160964965820345,0.22096221264710125,0.4290161132811224,-2.4661560058596,2.5031940137936206,35.08554822692872,35.134372526346624,0.09791092385799516,2.937327715739855,14.754801740373884,10.524303606305802,-0.1605107770647327,-0.1740509033203261,252.2632326671048,-35.616078839982414
31,1.0333333333333334,1,62,tv,0.5212866067886353,427.83123779296875,343.1011962890625,1046.9730224609375,709.2442016601562,737.4021301269531,526.1726989746094,14.748042602539062,10.523453979492187,-0.2449859619140852,0.07510986328123058,-4.582672119141547,15.21908569335894,0.25624131809115946,15.894069746083286,0.016414903274273692,-0.1224929809570426,0.03755493164061529,0.12812065904557973,-2.2913360595707735,7.60954284667947,7.947034873041643,35.07326776428224,35.08968266755652,-0.04468985879010745,-1.3406957637032193,14.749436924525668,10.522380772181918,-0.1568837193080608,0.01861254010883329,0.961721583775029,3.3648984636579256
32,1.0666666666666667,1,62,tv,0.5152312517166138,427.3983154296875,343.18853759765625,1047.1171875,709.4251098632812,737.2577514648438,526.3068237304688,14.745155029296875,10.526136474609375,-0.08662719726562104,0.08047485351564661,4.750762939453941,0.16094970703248143,0.11823905173191132,4.753488541595835,0.0034951183386154002,-0.04331359863281052,0.040237426757823304,0.05911952586595566,2.3753814697269706,0.08047485351624072,2.3767442707979174,35.06011012573243,35.06360524407104,-0.026077423485475038,-0.7823227045642539,14.744342825753346,10.525544442313057,-0.09639600481306412,0.05027566092353554,1.1403514317112067,-1.5872379847934777
33,1.1,1,62,tv,0.5661830306053162,427.0266418457031,343.0791931152344,1047.1383056640625,709.3995361328125,737.0824737548828,526.2393646240234,14.741649475097656,10.524787292480468,-0.1051666259765579,-0.04047546386720656,-0.5561828613281041,-3.628509521485584,0.11268665579632207,3.670888274348139,0.003174570598639692,-0.05258331298827895,-0.02023773193360328,0.05634332789816104,-0.27809143066405206,-1.814254760742792,1.8354441371740695,35.06672786407472,35.06990243467336,0.006297190602317926,0.1889157180695372,14.743010524204797,10.525732482910154,-0.08086029052731371,-0.0872033255440652,-0.9578901018409083,-3.9090650285989366
34,1.1333333333333333,1,62,tv,0.5459418296813965,426.8860168457031,342.9345397949219,1047.2244873046875,709.2757568359375,737.0552520751953,526.1051483154297,14.741105041503907,10.522102966308594,-0.016333007812470216,-0.08052978515621619,2.66500854492264,-1.201629638670293,0.08216941913819611,2.9233857653483892,0.0016879533603771375,-0.008166503906235108,-0.04026489257810809,0.04108470956909806,1.33250427246132,-0.6008148193351465,1.4616928826741946,35.07989448394776,35.081582437308136,0.011680002634776088,0.35040007904328385,14.738952139718192,10.519730887276786,-0.16025534493579133,-0.21032867431639352,-1.9104341779441216,-1.388650294713179
35,1.1666666666666667,1,62,tv,0.5281533002853394,426.5599365234375,342.5792236328125,1046.562255859375,708.3960571289062,736.5610961914062,525.4876403808594,14.731221923828125,10.509752807617188,-0.29649353027346853,-0.37050476074218847,-8.404815673829923,-8.699249267579141,0.4745336565794364,12.096192141766489,0.05629554780666263,-0.14824676513673427,-0.18525238037109423,0.2372668282897182,-4.202407836914961,-4.3496246337895705,6.048096070883244,35.14047201232911,35.196767560135775,0.11518512282763993,3.4555536848291872,14.73232683454241,10.511710571289061,-0.20822256905692177,-0.1797800118582771,0.05768018449949787,2.6886664254324635
36,1.2,1,62,tv,0.5964622497558594,426.09686279296875,342.4653625488281,1046.3848876953125,708.24267578125,736.2408752441406,525.3540191650391,14.724817504882813,10.507080383300782,-0.1921325683593629,-0.08017272949219419,3.1308288574231797,8.70996093749986,0.20818883346278158,9.255566372040512,0.01083564759464845,-0.09606628417968145,-0.04008636474609709,0.10409441673139079,1.5654144287115899,4.35498046874993,4.627783186020256,35.153580253601085,35.16441590119573,-0.032351658940044103,-0.9705497682013265,14.725070635114397,10.507745553152901,-0.15640999930249147,-0.031084245954229324,1.6165263584678076,2.6742409842356993
37,1.2333333333333334,1,62,tv,0.6267228722572327,425.6007995605469,342.4841613769531,1046.5810546875,708.57470703125,736.0909271240234,525.5294342041016,14.721818542480468,10.51058868408203,-0.08996887207032928,0.10524902343746556,3.0649108886709993,5.562652587889775,0.1384621062823596,6.3511245121671855,0.004792938719036862,-0.04498443603516464,0.05262451171873278,0.0692310531411798,1.5324554443354996,2.7813262939448875,3.1755622560835928,35.13637203826906,35.141164976988094,-0.023250924207637524,-0.6975277262291235,14.721899501255578,10.509638288225446,-0.10045414515906795,-0.0014972795758971817,0.45229535784154795,-0.6213827950617203
38,1.2666666666666666,1,62,tv,0.5894982814788818,425.43475341796875,342.45428466796875,1046.485107421875,708.44775390625,735.9599304199219,525.4510192871094,14.719198608398438,10.509020385742188,-0.07859802246091646,-0.047048950195272166,0.34112548828238565,-4.568939208982148,0.09160378185011757,4.581656042756845,0.002097813212310982,-0.03929901123045823,-0.023524475097636083,0.045801890925058784,0.17056274414119282,-2.284469604491074,2.2908280213784225,35.14406454162599,35.146162354838296,0.004997377850202156,0.1499213355060652,14.718373692103793,10.507645734514508,-0.12625697544638828,-0.07250976562501067,-0.5141346522731017,-0.579203142438667
39,1.3,1,62,tv,0.6005873084068298,425.4765319824219,342.4064636230469,1045.8221435546875,707.8141479492188,735.6493377685547,525.1103057861328,14.712986755371094,10.502206115722656,-0.18635559082030126,-0.20442810058597097,-3.2327270507815338,-4.721374511720949,0.27662113899550667,5.722053955074428,0.019129813634792856,-0.09317779541015063,-0.10221405029298548,0.13831056949775333,-1.6163635253907669,-2.3606872558604746,2.861026977537214,35.17748853607179,35.19661834970658,0.05045599486828678,1.5136798460485987,14.713482369559152,10.504804303850445,-0.1347297886439414,-0.04011082240514164,0.04423174176806378,1.0715063912531524
40,1.3333333333333333,1,62,tv,0.6078200936317444,425.08551025390625,342.5156555175781,1045.798095703125,708.0857543945312,735.4418029785156,525.3007049560547,14.708836059570313,10.506014099121094,-0.12452087402344647,0.11423950195315098,1.8550415039056503,9.560028076173692,0.16898553747012499,9.738342559103259,0.007139027968516754,-0.062260437011723235,0.05711975097657549,0.08449276873506249,0.9275207519528251,4.780014038086846,4.8691712795516295,35.15881037750245,35.16594940547096,-0.03066894423562161,-0.9200683270686515,14.709391706194197,10.504971679687499,-0.1233081926618507,-0.001076006208133862,0.16207776750749583,-0.16026502336750084
41,1.3666666666666667,1,62,tv,0.6412686109542847,424.6143798828125,342.3316650390625,1046.04736328125,708.2683715820312,735.3308715820312,525.3000183105469,14.706617431640625,10.506000366210937,-0.06655883789063545,-0.00041198730469815684,1.7388610839843253,-3.4395446777354635,0.06656011294229541,3.8541024194400304,0.0011075621587227802,-0.033279418945317725,-0.00020599365234907842,0.033280056471147706,0.8694305419921626,-1.7197723388677317,1.9270512097200152,35.15887773742677,35.15998529958549,-0.0059641058854680296,-0.17892317656404033,14.705261823381695,10.504732570103236,-0.12392460414344167,-0.05079515729630836,-0.18649684361027322,-1.1321725027902745
42,1.4,1,62,tv,0.5752488374710083,424.822509765625,342.4840393066406,1045.1494140625,707.5042114257812,734.9859619140625,524.9941253662109,14.69971923828125,10.49988250732422,-0.20694580078123154,-0.18353576660153756,-4.211608886717898,-5.493713378905202,0.27660792122243943,6.92232158341717,0.019127985520749815,-0.10347290039061577,-0.09176788330076878,0.13830396061121972,-2.105804443358949,-2.746856689452601,3.461160791708585,35.18888583526612,35.20801382078687,0.04802852120137402,1.4408556360412257,14.701130065917967,10.501585335867745,-0.13574131556920224,-0.07655417306081881,0.07195456368616072,0.07546430315281695
43,1.4333333333333333,1,62,tv,0.5919249653816223,424.9514465332031,342.7628173828125,1044.7830810546875,707.2540893554688,734.8672637939453,525.0084533691406,14.697345275878906,10.500169067382812,-0.07121887207034638,0.008596801757771973,4.071807861326542,5.763977050779268,0.07173585393256844,7.057127652343459,0.0012865081848586987,-0.03560943603517319,0.0042984008788859865,0.03586792696628422,2.035903930663271,2.881988525389634,3.5285638261717294,35.187480258178724,35.188766766363585,-0.019247054423281895,-0.5774116326984551,14.696212402343749,10.499628958565848,-0.11912763323103095,-0.04576420375278723,0.5358444213867221,1.0502360752646216
44,1.4666666666666666,1,62,tv,0.6367329955101013,424.5888366699219,342.7197570800781,1044.6351318359375,707.23046875,734.6119842529297,524.9751129150391,14.692239685058594,10.499502258300781,-0.1531677246093649,-0.020004272460916253,-2.458465576170564,-0.8580322265606498,0.15446851711174292,2.6038955991038293,0.0059651306946752036,-0.07658386230468245,-0.010002136230458127,0.07723425855587146,-1.229232788085282,-0.4290161132803249,1.3019477995519146,35.190750956726085,35.19671608742076,0.007949321057175496,0.23847963171526573,14.693188223702565,10.498534388950892,-0.10001835414342078,-0.006538434709844056,0.5412689208987009,0.9341262817379898
45,1.5,1,62,tv,0.618071436882019,424.1310729980469,342.46710205078125,1044.9052734375,707.2154541015625,734.5181732177734,524.8412780761719,14.69036346435547,10.496825561523437,-0.056286621093732774,-0.08030090332033143,2.9064331054689543,-1.80889892578245,0.09806334069472986,3.4233709586112355,0.002404104697052665,-0.028143310546866387,-0.04015045166016572,0.04903167034736493,1.4532165527344771,-0.904449462891225,1.7116854793056178,35.20388015441896,35.20628425911601,0.009568171695249816,0.2870451508574936,14.68954451206752,10.499193062918525,-0.0830430385044509,0.016510881696412075,0.3217620849612405,0.6893842424667598
46,1.5333333333333334,1,62,tv,0.6036688089370728,423.22021484375,342.37493896484375,1045.44091796875,707.8624877929688,734.33056640625,525.1187133789062,14.686611328125,10.502374267578125,-0.11256408691407281,0.16646118164063087,-1.688323974610196,7.402862548828846,0.20094775105980667,7.592944867447431,0.010094999663998508,-0.056282043457036406,0.08323059082031543,0.10047387552990333,-0.844161987305098,3.701431274414423,3.7964724337237157,35.176663751220715,35.186758750884714,-0.01952550823129684,-0.5857652469389034,14.687652021135602,10.49963511439732,-0.07856754847933801,0.03942051478794007,-0.6940985543388446,-1.0396087646483028
47,1.5666666666666667,1,62,tv,0.5770246386528015,423.3935852050781,342.42620849609375,1045.149658203125,707.4500732421875,734.2716217041016,524.9381408691406,14.685432434082031,10.498762817382813,-0.03536682128906689,-0.10834350585934555,2.315917968750186,-8.244140624999323,0.11396985263650576,8.563254678143364,0.00324728182749671,-0.017683410644533444,-0.05417175292967277,0.05698492631825288,1.157958984375093,-4.122070312499662,4.281627339071682,35.19437791442872,35.19762519625622,0.010866445371505051,0.3259933611451527,14.684306675502231,10.501821097237722,-0.12931627546037386,-0.052796369280141434,-1.0159803118027892,-3.0731741768966545
48,1.6,1,62,tv,0.5583566427230835,422.8541259765625,342.4437561035156,1045.059326171875,707.6124877929688,733.9567260742188,525.0281219482422,14.679134521484375,10.500562438964844,-0.18893737792968265,0.053988647460911754,-4.607116699218459,4.8699645996077034,0.19649963570857415,6.703885401888207,0.009653026708400587,-0.09446868896484133,0.026994323730455877,0.09824981785428707,-2.3035583496092293,2.4349822998038517,3.3519427009441034,35.18555077056886,35.19520379727726,-0.0024213989789600987,-0.07264196936880274,14.67903093610491,10.49611535644531,-0.14629956926619062,-0.16545776367183687,0.5966439383369607,-1.491127232142198
49,1.6333333333333333,1,62,tv,0.56634122133255,423.2840576171875,342.26055908203125,1044.0318603515625,706.4058837890625,733.657958984375,524.3332214355469,14.6731591796875,10.486664428710938,-0.17926025390623998,-0.41694030761716555,0.29031372070328126,-14.12786865234237,0.4538429890903089,14.130851167366627,0.05149336468660656,-0.08963012695311999,-0.20847015380858278,0.22692149454515445,0.14515686035164063,-7.063934326171185,7.0654255836833135,35.25372051086426,35.30521387555087,0.11001007827361065,3.300302348208331,14.674553370884485,10.490790579659599,-0.08954001290457649,-0.15220485142295462,1.7054234095985619,1.7872460501527696
50,1.6666666666666667,1,62,tv,0.5685960054397583,423.413330078125,342.4680480957031,1044.0023193359375,706.3162231445312,733.7078247070312,524.3921356201172,14.674156494140625,10.487842712402344,0.02991943359374351,0.0353485107421746,6.275390624999486,13.568664550780163,0.046310794835114424,14.94955468192714,0.0005361724295650152,0.014959716796871756,0.0176742553710873,0.023155397417557212,3.137695312499743,6.784332275390081,7.47477734096357,35.24794102935792,35.24847720178748,-0.05673667376338898,-1.702100212901664,14.673061601911272,10.485968366350447,-0.032604675292953196,-0.0463080269949856,1.2939069475447433,2.5727626255571687
51,1.7,1,62,tv,0.6020073294639587,423.6094970703125,342.70916748046875,1043.6416015625,705.964111328125,733.6255493164062,524.3366394042969,14.672510986328126,10.486732788085938,-0.04936523437498525,-0.033297729492183355,-2.3785400390618716,-2.0593872070307455,0.05954548810977909,3.146192680987982,0.0008864162885579607,-0.024682617187492626,-0.016648864746091677,0.029772744054889545,-1.1892700195309358,-1.0296936035153728,1.573096340493991,35.25338520812989,35.25427162441845,0.005794422630970075,0.17383267892910287,14.672379725864955,10.487703377859933,-0.003279549734926946,0.01931265694752327,0.6971021379738488,-0.3447549002513652
52,1.7333333333333334,1,62,tv,0.5461978316307068,423.3386535644531,342.7784423828125,1043.7994384765625,706.0053100585938,733.5690460205078,524.3918762207031,14.671380920410156,10.487837524414063,-0.033901977539087975,0.033142089843760554,0.46389770507691686,1.993194580078311,0.04741035963028251,2.046466641513901,0.0005619355500681804,-0.016950988769543988,0.016571044921880277,0.023705179815141256,0.23194885253845843,0.9965972900391555,1.0232333207569504,35.24796647644044,35.248528411990506,-0.0057432124279444,-0.17229637283833146,14.672842965262276,10.487255876813615,0.013868800571970045,-0.06929168701174328,26.099252537318588,-115.69109082903167
53,1.7666666666666666,1,62,tv,0.5693489909172058,423.19354248046875,342.5314636230469,1044.35205078125,705.9021606445312,733.7727966308594,524.2168121337891,14.675455932617188,10.48433624267578,0.12225036621096351,-0.10503845214847411,4.684570312501561,-4.145416259767055,0.16117763017386122,6.255371689956726,0.006494557117115495,0.061125183105481755,-0.052519226074237056,0.08058881508693061,2.3422851562507807,-2.0727081298835275,3.127685844978363,35.26514026336671,35.271634820483825,0.023106408493319464,0.6931922547995863,14.673304312569753,10.48308393205915,1.736670619419645,-7.693426731654586,-294.50202091761986,317.3063225882399
54,1.8,1,62,tv,0.5319836735725403,423.1627502441406,342.3344421386719,1044.0740966796875,705.2849731445312,733.6184234619141,523.8097076416016,14.67236846923828,10.476194152832031,-0.09262390136722558,-0.2442626953124886,-6.4462280273456525,-4.176727294920422,0.26123447595179156,7.681074578252049,0.01706086285645179,-0.04631195068361279,-0.1221313476562443,0.13061723797589578,-3.2231140136728262,-2.088363647460211,3.8405372891260243,35.30507721405031,35.32213807690676,0.050503256422935294,1.5150976926880542,14.78862100655692,9.974360761369976,-19.619599260602683,21.084463152204243,522.6716001238141,1434.6288724626822
55,1.8333333333333333,1,62,tv,0.5542718172073364,422.5855407714844,342.0497131347656,1044.8997802734375,705.7489624023438,733.7426605224609,523.8993377685547,14.67485321044922,10.477986755371093,0.07454223632816363,0.05377807617186667,5.014984130861694,8.94122314453069,0.09191641025165687,10.251611441772747,0.002112156618387723,0.037271118164081816,0.026889038085933334,0.04595820512582843,2.507492065430847,4.470611572265345,5.125805720886373,35.2962844985962,35.29839665521459,-0.023741421692172082,-0.712242650765165,13.365331028529575,11.888714808872766,36.581443961007245,87.94849809919089,3225.0350908551814,1376.6576110839796
56,1.8666666666666667,-1,13,bench,0.17530590295791626,139.901611328125,648.0558471679688,1194.034912109375,987.8453979492188,666.96826171875,817.9506225585938,13.339365234375,16.359012451171875,-40.06463928222645,176.4307708740229,-1204.1754455566347,5291.309783935514,180.92261393208116,5426.600937350489,8183.248058004222,-20.032319641113226,88.21538543701145,90.46130696604058,-602.0877227783174,2645.654891967757,2713.3004686752447,6.449853460693369,8189.697911464916,8154.399514809701,244631.98544429027,17.227383937290735,15.8375939679827,195.3827401297427,112.86163722446953,-1097.443318830214,-2638.4549429757185
56,1.8666666666666667,-1,59,bed,0.29075711965560913,540.0118408203125,676.75390625,1920.0,1076.253662109375,1230.0059204101562,876.5037841796875,24.600118408203127,17.53007568359375,0.0,0.0,0.0,0.0,0.0,0.0,0.0,0.0,0.0,0.0,0.0,0.0,0.0,0.7057883056640681,0.7057883056640681,-8188.992123159252,0.0,19.87808903285435,15.650769383021762,0.0,0.0,0.0,0.0
56,1.8666666666666667,-1,0,person,0.3022536635398865,793.2965087890625,391.9813232421875,909.8143310546875,556.538330078125,851.555419921875,474.25982666015625,17.0311083984375,9.485196533203125,0.0,0.0,0.0,0.0,0.0,0.0,0.0,0.0,0.0,0.0,0.0,0.0,0.0,40.16592053833009,40.16592053833009,39.46013223266603,0.0,17.363150181361604,11.013363385881695,0.0,0.0,0.0,0.0
56,1.8666666666666667,-1,62,tv,0.4307551383972168,399.4151611328125,298.3468017578125,1030.252197265625,666.0167236328125,714.8336791992188,482.1817626953125,14.296673583984376,9.64363525390625,0.0,0.0,0.0,0.0,0.0,0.0,0.0,0.0,0.0,0.0,0.0,0.0,0.0,39.38877861328126,39.38877861328126,-0.7771419250488307,0.0,19.979556570870532,10.957738420758927,0.0,0.0,0.0,0.0
56,1.8666666666666667,-1,77,teddy bear,0.6535557508468628,1699.074951171875,679.6038818359375,1919.658203125,1080.0,1809.3665771484375,879.8019409179688,36.18733154296875,17.596038818359375,0.0,0.0,0.0,0.0,0.0,0.0,0.0,0.0,0.0,0.0,0.0,0.0,0.0,0.3822391296386803,0.3822391296386803,-39.006539483642584,0.0,31.963631417410713,16.263209193638392,402.30272984096143,156.60071149553625,-10398.514118303647,-4802.638214983295
57,1.9,-1,77,teddy bear,0.6214866042137146,1699.620849609375,680.18505859375,1919.708984375,1080.0,1809.6649169921875,880.092529296875,36.19329833984375,17.6018505859375,0.1790039062500177,0.17435302734369945,0.0,0.0,0.24988272568682682,0.0,0.015610344149169484,0.08950195312500885,0.08717651367184973,0.12494136284341341,0.0,0.0,0.0,0.35373240966798547,0.369342753817155,-0.012896375821525308,-0.3868912746457606,33.3896475655692,16.177762137276783,-346.617137276787,-160.0879404994426,-12069.081895228886,-4698.021344866104
57,1.9,-1,0,person,0.35076674818992615,798.46044921875,390.735107421875,909.668701171875,556.2841796875,854.0645751953125,473.5096435546875,17.08129150390625,9.47019287109375,0.0,0.0,0.0,0.0,0.0,0.0,0.0,0.0,0.0,0.0,0.0,0.0,0.0,40.23951350097657,40.23951350097657,39.87017074715941,0.0,20.409726841517855,10.926944510323658,0.0,0.0,0.0,0.0
57,1.9,-1,62,tv,0.3445192277431488,400.2938232421875,297.422119140625,1032.4349365234375,665.033203125,716.3643798828125,481.2276611328125,14.32728759765625,9.62455322265625,0.0,0.0,0.0,0.0,0.0,0.0,0.0,0.0,0.0,0.0,0.0,0.0,0.0,39.482375976562516,39.482375976562516,-0.7571375244140555,0.0,15.032759068080356,10.901475306919641,0.0,0.0,0.0,0.0
57,1.9,-1,59,bed,0.27954769134521484,537.5517578125,672.949462890625,1920.0,1076.348876953125,1228.77587890625,874.649169921875,24.575517578125,17.4929833984375,0.0,0.0,0.0,0.0,0.0,0.0,0.0,0.0,0.0,0.0,0.0,0.0,0.0,0.8877259643554835,0.8877259643554835,-38.59465001220703,0.0,26.581961591448103,16.196003208705356,396.3441870117175,159.35757202148386,-4989.828170340374,-4714.026039341488
58,1.9333333333333333,-1,77,teddy bear,0.6373963952064514,1704.26416015625,680.611083984375,1919.70703125,1080.0,1811.985595703125,880.3055419921875,36.2397119140625,17.60611083984375,349.92583007812374,3.393823242187562,0.0,0.0,349.9422875161891,0.0,30614.901148015786,174.96291503906187,1.696911621093781,174.97114375809454,0.0,0.0,0.0,0.3328358642578153,30615.233983880044,30614.346257915688,918430.3877374678,28.24423196847098,16.213394374302453,-166.32760567801296,-157.13420131138344,-11890.325610351489,-4780.727160644501
58,1.9333333333333333,-1,62,tv,0.366637647151947,400.0143737792969,296.288330078125,1032.494384765625,666.3115234375,716.2543792724609,481.2999267578125,14.325087585449218,9.62599853515625,0.0,0.0,0.0,0.0,0.0,0.0,0.0,0.0,0.0,0.0,0.0,0.0,0.0,39.47528671875001,39.47528671875001,-30575.758697161295,0.0,21.037708068847653,10.958196498325892,0.0,0.0,0.0,0.0
58,1.9333333333333333,-1,0,person,0.34623751044273376,803.124267578125,390.3782958984375,908.621826171875,555.9285278320312,855.873046875,473.1534118652344,17.1174609375,9.463068237304688,0.0,0.0,0.0,0.0,0.0,0.0,0.0,0.0,0.0,0.0,0.0,0.0,0.0,40.27445982971192,40.27445982971192,0.7991731109619096,0.0,12.642380615234423,8.574936261858234,0.0,0.0,0.0,0.0
58,1.9333333333333333,-1,59,bed,0.2750511169433594,538.874267578125,673.02490234375,1920.0,1075.518310546875,1229.4371337890625,874.2716064453125,24.58874267578125,17.48543212890625,0.0,0.0,0.0,0.0,0.0,0.0,0.0,0.0,0.0,0.0,0.0,0.0,0.0,0.9247649414062563,0.9247649414062563,-39.34969488830566,0.0,25.707512756347736,17.707465122767836,0.0,0.0,0.0,0.0
